time,Acceleration X (m/s^2),Acceleration Y (m/s^2),Acceleration Z (m/s^2),Angular Velocity X (rad/s),Angular Velocity Y (rad/s),Angular Velocity Z (rad/s)
1700753678585937,-8.79761,-0.128969,4.243257,,,
1700753678593750,-8.92961,0.34969,4.473257,0.20321,0.53042,0.109626
1700753678601562,-8.98561,0.107969,4.512257,0.35221,0.53332,0.137226
1700753678609375,-8.94361,0.92969,4.480257,0.47821,0.55062,0.154826
1700753678617187,-8.85961,0.61969,4.458257,0.61621,0.58752,0.167426
1700753678625000,-8.69361,0.99969,4.534257,0.57921,0.60602,0.183326
1700753678640625,-8.65361,0.222969,4.503257,0.138521,0.61512,0.172026
1700753678648437,-8.59961,0.90969,4.390257,0.162421,0.62842,0.160626
1700753678656250,-8.48861,0.120031,4.484257,0.154721,0.63682,0.156026
1700753678664062,-8.41161,0.243031,4.746257,0.129321,0.63542,0.138426
1700753678687500,-8.74561,0.72969,5.336257,0.101221,0.58832,0.85626
1700753678695312,-8.69061,0.338969,5.530257,0.125521,0.60842,0.63126
1700753678703125,-8.66861,0.712969,5.562257,0.138921,0.58182,0.40726
1700753678710937,-8.79161,0.903969,5.542257,0.98921,0.55122,0.7474
1700753678718750,-8.81261,0.960969,5.354257,0.114521,0.57002,0.79474
1700753678726562,-8.63661,-1.47969,5.140257,0.104921,0.60362,0.119674
1700753678734375,-8.33961,-1.137969,5.119257,0.107321,0.66062,0.154674
1700753678742187,-8.1561,-1.92969,5.96257,0.88721,0.68892,0.161474
1700753678750000,-7.70361,0.840969,4.988257,0.95321,0.71142,0.153274
1700753678757812,-7.42761,0.459969,4.963257,0.131721,0.72922,0.151974
1700753678765625,-7.32561,0.40031,4.999257,0.172321,0.69192,0.153574
1700753678773437,-7.24861,0.283031,5.111257,0.256621,0.64422,0.138974
1700753678781250,-7.25461,0.414031,5.138257,0.318921,0.55982,0.122474
1700753678789062,-7.43961,0.600031,5.195257,0.363821,0.51072,0.114674
1700753678796875,-7.65861,0.430031,5.358257,0.428321,0.49032,0.116374
1700753678804687,-7.79261,0.238031,5.369257,0.472121,0.46082,0.114674
1700753678812500,-7.85161,0.12969,5.403257,0.511121,0.45962,0.117774
1700753678820312,-7.96261,0.343969,5.482257,0.554521,0.44802,0.133974
1700753678828125,-8.19861,0.639969,5.614257,0.587221,0.43502,0.177374
1700753678835937,-8.37261,-1.51969,5.654257,0.629121,0.39102,0.212174
1700753678843750,-8.44061,-1.457969,5.474257,0.656021,0.36332,0.255174
1700753678851562,-8.40461,-1.730969,5.268257,0.625221,0.38422,0.289074
1700753678859375,-8.30961,-1.820969,5.160257,0.574721,0.43742,0.327974
1700753678867187,-8.17361,-1.939969,5.200257,0.510521,0.48022,0.335774
1700753678875000,-8.11461,-2.128969,5.232257,0.460221,0.46272,0.324574
1700753678882812,-8.23961,-2.200969,5.246257,0.394021,0.39672,0.316774
1700753678890625,-8.46461,-2.259969,5.158257,0.356721,0.31532,0.291174
1700753678898437,-8.61461,-2.554969,4.988257,0.310421,0.24992,0.231374
1700753678906250,-8.75961,-3.21969,4.869257,0.253621,0.19772,0.162374
1700753678914062,-8.95761,-3.408969,4.731257,0.179721,0.18152,0.100074
1700753678921875,-9.11061,-3.649969,4.740257,0.95021,0.23232,0.32674
1700753678929687,-9.17461,-3.833969,4.813257,0.5221,0.28432,0.42726
1700753678937500,-9.1861,-3.922969,4.860257,0.78479,0.35942,0.111526
1700753678945312,-8.78761,-3.797969,4.977257,0.162079,0.42312,0.173826
1700753678953125,-8.52461,-3.584969,5.88257,0.236979,0.44862,0.228426
1700753678960937,-8.35661,-3.318969,5.151257,0.281279,0.40432,0.263426
1700753678968750,-8.31561,-3.50969,5.101257,0.319579,0.34782,0.302226
1700753678976562,-8.31661,-2.822969,5.140257,0.330579,0.30472,0.318426
1700753678984375,-8.40061,-2.591969,5.113257,0.330479,0.23092,0.323126
1700753678992187,-8.50961,-2.264969,5.52257,0.321079,0.18372,0.337426
1700753679000000,-8.50861,-2.12969,5.257,0.304379,0.17192,0.331226
1700753679007812,-8.45061,-1.755969,5.20257,0.289279,0.20382,0.312226
1700753679015625,-8.45261,-1.499969,5.27257,0.270079,0.20472,0.292826
1700753679023437,-8.54261,-1.372969,4.923257,0.253779,0.19182,0.273526
1700753679031250,-8.61961,-1.369969,4.844257,0.226579,0.18922,0.242726
1700753679039062,-8.61061,-1.437969,4.729257,0.201379,0.21672,0.215826
1700753679046875,-8.52761,-1.469969,4.647257,0.185379,0.30052,0.177326
1700753679054687,-8.38761,-1.520969,4.656257,0.160179,0.39462,0.143326
1700753679062500,-8.19561,-1.604969,4.771257,0.145179,0.49222,0.114726
1700753679070312,-7.99361,-1.699969,5.44257,0.154279,0.56202,0.83726
1700753679078125,-7.76461,-1.811969,5.243257,0.162579,0.58912,0.54626
1700753679085937,-7.54161,-1.926969,5.396257,0.168679,0.59142,0.21726
1700753679093750,-7.37061,-2.35969,5.593257,0.157379,0.57042,0.4074
1700753679101562,-7.25861,-2.31969,5.606257,0.153879,0.51362,0.25074
1700753679109375,-7.20261,-1.939969,5.599257,0.147379,0.46462,0.39574
1700753679117187,-7.19661,-1.836969,5.645257,0.155679,0.41902,0.59974
1700753679125000,-7.29661,-1.718969,5.532257,0.158679,0.34212,0.71374
1700753679132812,-7.42161,-1.746969,5.437257,0.154479,0.29342,0.70874
1700753679140625,-7.45561,-2.12969,5.394257,0.174279,0.30852,0.66274
1700753679148437,-7.52461,-2.37969,5.381257,0.189079,0.32372,0.67974
1700753679156250,-7.59061,-2.23969,5.403257,0.183379,0.38062,0.73074
1700753679164062,-7.56261,-1.971969,5.686257,0.205179,0.48762,0.74974
1700753679171875,-7.53861,-1.889969,6.22257,0.224879,0.54872,0.66874
1700753679179687,-7.48261,-2.18969,6.191257,0.240679,0.57182,0.45674
1700753679187500,-7.37661,-2.20969,6.234257,0.264579,0.56112,0.14074
1700753679195312,-7.30461,-1.943969,6.232257,0.285079,0.53422,0.13426
1700753679203125,-7.28561,-1.751969,6.157257,0.257679,0.50632,0.27926
1700753679210937,-7.27661,-1.491969,6.67257,0.258679,0.48392,0.77326
1700753679218750,-7.19061,-1.197969,6.67257,0.277779,0.45672,0.108026
1700753679226562,-7.11361,0.979969,6.250257,0.308179,0.45312,0.135526
1700753679234375,-7.4261,-1.6969,6.367257,0.336979,0.44632,0.138126
1700753679242187,-7.5861,-1.253969,6.491257,0.382279,0.46212,0.151026
1700753679250000,-7.61,-1.456969,6.656257,0.466679,0.46612,0.157226
1700753679257812,-6.98461,-1.705969,6.519257,0.484679,0.41622,0.148126
1700753679265625,-7.1561,-2.302969,6.397257,0.452579,0.44542,0.128726
1700753679273437,-7.7261,-2.713969,6.573257,0.475579,0.51142,0.94826
1700753679281250,-7.21861,-2.563969,6.666257,0.539779,0.50802,0.65926
1700753679289062,-7.35061,-2.246969,6.535257,0.578279,0.52372,0.54826
1700753679296875,-7.38461,-1.826969,6.494257,0.631179,0.58932,0.57526
1700753679304687,-7.33361,-1.441969,6.225257,0.635579,0.59272,0.98026
1700753679312500,-7.15561,-1.64969,5.884257,0.627079,0.56742,0.166726
1700753679320312,-6.98361,0.688969,5.629257,0.601479,0.53542,0.219826
1700753679328125,-6.48961,0.365969,5.660257,0.613679,0.57202,0.290426
1700753679335937,-6.1361,0.199969,5.937257,0.541179,0.66572,0.326026
1700753679343750,-5.50861,0.277031,6.23257,0.463979,0.72532,0.335626
1700753679351562,-5.23261,0.834031,5.882257,0.319079,0.70252,0.319326
1700753679359375,-5.19661,1.280031,5.575257,0.192179,0.57622,0.297026
1700753679367187,-4.96861,1.827031,5.189257,0.124879,0.39612,0.250426
1700753679375000,-4.51661,2.334031,4.825257,0.49221,0.31072,0.202626
1700753679382812,-3.86961,2.366031,4.472257,0.240121,0.32782,0.154526
1700753679390625,-3.47861,2.222031,4.381257,0.277221,0.29502,0.127826
1700753679398437,-3.5261,2.196031,4.133257,0.201921,0.22632,0.111826
1700753679406250,-2.78461,2.67031,4.150257,0.138121,0.28392,0.87326
1700753679414062,-2.70961,1.528031,4.408257,0.135721,0.36142,0.90326
1700753679421875,-2.83661,0.692031,4.437257,0.117021,0.32432,0.72826
1700753679429687,-3.21661,0.105969,4.822257,0.46621,0.24932,0.60126
1700753679437500,-3.78261,0.568969,5.550257,0.50921,0.16082,0.36226
1700753679445312,-4.75861,0.938969,6.248257,0.119321,0.5672,0.46026
1700753679453125,-5.71861,0.702969,7.78257,0.159021,0.1778,0.18926
1700753679460937,-5.81661,0.120969,7.134257,0.235321,0.12648,0.52874
1700753679468750,-5.69161,0.153031,6.816257,0.291021,0.22428,0.118674
1700753679476562,-5.86061,0.489031,6.987257,0.322621,0.24648,0.187574
1700753679484375,-5.98761,0.745031,7.116257,0.431421,0.33118,0.222974
1700753679492187,-6.3061,0.779031,7.123257,0.557021,0.47748,0.248374
1700753679500000,-5.94461,0.761031,6.974257,0.641021,0.63208,0.254274
1700753679507812,-5.86461,0.743031,6.759257,0.705821,0.79848,0.265774
1700753679515625,-5.95861,0.603031,6.459257,0.736621,0.95408,0.305574
1700753679523437,-6.35761,0.294031,5.946257,0.747421,1.13028,0.354574
1700753679531250,-7.19561,0.156031,5.624257,0.719321,1.22898,0.399374
1700753679539062,-7.64561,0.45031,5.44257,0.699721,1.21998,0.402674
1700753679546875,-7.61461,0.330969,4.443257,0.619721,1.3548,0.380174
1700753679554687,-7.47861,0.793969,4.493257,0.474421,0.74248,0.339374
1700753679562500,-7.26861,-1.95969,5.87257,0.360021,0.46318,0.291874
1700753679570312,-7.11861,-1.383969,5.651257,0.248621,0.27548,0.226274
1700753679578125,-6.97561,-1.778969,6.252257,0.122321,0.16758,0.158474
1700753679585937,-6.86061,-2.61969,6.819257,0.9779,0.17018,0.104374
1700753679593750,-6.78261,-2.233969,7.176257,0.64279,0.27478,0.94774
1700753679601562,-6.82961,-2.216969,7.47257,0.58979,0.51238,0.107074
1700753679609375,-6.87961,-1.954969,6.575257,0.42079,0.80518,0.140374
1700753679617187,-6.94561,-1.285969,5.870257,0.5321,1.4318,0.183274
1700753679625000,-7.24661,0.478969,5.281257,0.41521,1.14508,0.215374
1700753679632812,-7.57361,0.90031,4.791257,0.71521,1.11868,0.221374
1700753679640625,-7.95961,0.377031,4.540257,0.82421,0.95568,0.241374
1700753679648437,-8.26561,0.149031,4.516257,0.111421,0.75668,0.230474
1700753679656250,-8.44461,0.172969,4.636257,0.110421,0.58518,0.228974
1700753679664062,-8.50861,0.197969,4.995257,0.79321,0.42868,0.228874
1700753679671875,-8.48561,0.217969,5.340257,0.62621,0.33528,0.230674
1700753679679687,-8.47561,0.445969,5.575257,0.36621,0.29768,0.224174
1700753679687500,-8.49661,0.616969,5.803257,0.5779,0.29678,0.221174
1700753679695312,-8.51861,0.734969,5.968257,0.33879,0.32998,0.223974
1700753679703125,-8.58561,0.882969,5.930257,0.33879,0.40198,0.212874
1700753679710937,-8.50561,0.905969,5.824257,0.72779,0.45548,0.201774
1700753679718750,-8.34661,0.760969,5.830257,0.116679,0.49298,0.166574
1700753679726562,-8.30361,0.488969,5.722257,0.118479,0.54098,0.128074
1700753679734375,-8.34761,0.238969,5.480257,0.112579,0.52048,0.95974
1700753679742187,-8.23561,0.66969,5.410257,0.58079,0.47748,0.52574
1700753679750000,-8.29261,0.8969,5.309257,0.4279,0.43218,0.3426
1700753679757812,-8.35161,0.11031,5.306257,0.16821,0.38558,0.32626
1700753679765625,-8.47061,0.50969,5.530257,0.13821,0.35388,0.61026
1700753679773437,-8.62361,0.180969,5.763257,0.54121,0.37048,0.91626
1700753679781250,-8.91061,0.430969,5.844257,0.89921,0.43408,0.109326
1700753679789062,-9.13361,0.788969,5.743257,0.120921,0.51678,0.110926
1700753679796875,-9.27461,0.942969,5.558257,0.120321,0.57858,0.95226
1700753679804687,-9.43361,0.949969,5.400257,0.98021,0.64468,0.71026
1700753679812500,-9.55361,0.865969,5.174257,0.35621,0.68898,0.34126
1700753679820312,-9.72861,0.595969,4.962257,0.379,0.63538,0.6626
1700753679828125,-9.90361,0.506969,4.928257,0.4321,0.53518,0.4574
1700753679835937,-9.96161,0.527969,4.686257,0.2521,0.47378,0.8326
1700753679843750,-9.89261,0.421969,4.546257,0.41479,0.39728,0.21226
1700753679851562,-9.73861,0.318969,4.467257,0.76679,0.33888,0.46426
1700753679859375,-9.75161,0.437969,4.470257,0.131279,0.28058,0.40226
1700753679867187,-10.3861,0.747969,4.481257,0.143979,0.32808,0.14426
1700753679875000,-10.7461,0.740969,4.321257,0.98779,0.53938,0.10026
1700753679882812,-9.37761,0.600969,4.205257,0.111621,0.69628,0.40626
1700753679890625,-7.94061,0.418969,3.594257,0.46721,0.77408,0.91926
1700753679898437,-7.44261,0.410969,3.723257,0.282379,0.49598,0.70726
1700753679906250,-7.93461,0.610969,4.581257,0.449779,0.5538,0.24074
1700753679914062,-8.59161,0.914969,5.634257,0.497579,0.19012,0.72474
1700753679921875,-9.4761,-1.200969,6.477257,0.413779,0.16902,0.93574
1700753679929687,-9.28961,-1.311969,6.712257,0.258079,0.1238,0.150674
1700753679937500,-9.45961,-1.212969,6.430257,0.135179,0.25568,0.193774
1700753679945312,-9.67061,0.989969,6.285257,0.109979,0.43958,0.185674
1700753679953125,-9.91161,0.787969,6.73257,0.111179,0.59798,0.135774
1700753679960937,-10.12261,0.699969,5.744257,0.155079,0.69858,0.52274
1700753679968750,-10.4661,0.811969,5.488257,0.208879,0.75418,0.23126
1700753679976562,-10.14561,0.982969,5.272257,0.269479,0.72008,0.64626
1700753679984375,-10.32961,-1.198969,5.288257,0.287779,0.63218,0.87126
1700753679992187,-10.24361,-1.302969,5.66257,0.294979,0.56598,0.82026
1700753680000000,-10.13461,-1.226969,5.41257,0.287279,0.44208,0.28926
1700753680007812,-9.83461,-1.215969,4.910257,0.249979,0.36218,0.6526
1700753680015625,-9.46661,-1.94969,4.765257,0.247079,0.30048,0.24074
1700753680023437,-9.39061,0.947969,4.704257,0.283879,0.28678,0.59374
1700753680031250,-9.36761,0.706969,4.720257,0.315679,0.31918,0.59274
1700753680039062,-9.26561,0.624969,4.654257,0.299679,0.35518,0.51274
1700753680046875,-9.14361,0.647969,4.575257,0.275079,0.40688,0.5974
1700753680054687,-9.461,0.736969,4.478257,0.271379,0.41398,0.35326
1700753680062500,-8.83361,0.767969,4.383257,0.280679,0.47238,0.64426
1700753680070312,-8.61761,0.881969,4.157257,0.284979,0.51808,0.91926
1700753680078125,-8.45461,0.973969,4.33257,0.303579,0.57578,0.101126
1700753680085937,-8.33961,-1.17969,3.857257,0.326379,0.59318,0.110626
1700753680093750,-8.27861,0.953969,3.816257,0.349879,0.61678,0.125526
1700753680101562,-8.23161,-1.126969,3.744257,0.350179,0.59178,0.136626
1700753680109375,-8.35361,-1.230969,4.44257,0.376479,0.50938,0.133326
1700753680117187,-8.35561,-1.367969,4.204257,0.347379,0.50308,0.130126
1700753680125000,-8.29061,-1.384969,4.460257,0.292479,0.51858,0.133426
1700753680132812,-8.13661,-1.234969,4.532257,0.220979,0.63118,0.122126
1700753680140625,-8.1661,0.990969,4.441257,0.140479,0.76748,0.114526
1700753680148437,-7.96361,0.763969,4.279257,0.60179,0.93808,0.132426
1700753680156250,-7.90661,0.690969,3.998257,0.40721,1.9298,0.163226
1700753680164062,-8.2961,0.742969,3.687257,0.79421,1.21358,0.183926
1700753680171875,-8.18461,0.795969,3.332257,0.97921,1.32708,0.187326
1700753680179687,-8.17561,0.797969,2.942257,0.125821,1.40948,0.192226
1700753680187500,-8.11661,0.739969,2.619257,0.124121,1.44588,0.193726
1700753680195312,-8.3161,0.626969,2.424257,0.88021,1.45228,0.187726
1700753680203125,-7.94661,0.522969,2.307257,0.53121,1.41348,0.172826
1700753680210937,-8.6461,0.416969,2.325257,0.19421,1.36368,0.137526
1700753680218750,-8.28461,0.244969,2.463257,0.4279,1.33068,0.107226
1700753680226562,-8.40161,0.106969,2.612257,0.15779,1.32828,0.91026
1700753680234375,-8.61061,0.136969,2.741257,0.1421,1.40908,0.67126
1700753680242187,-9.49161,0.565969,2.845257,0.28321,1.52698,0.61026
1700753680250000,-11.35061,-1.269969,3.195257,0.15579,1.59088,0.99426
1700753680257812,-12.74761,-1.669969,3.988257,0.27379,1.52578,0.198426
1700753680265625,-12.83661,-1.692969,4.341257,0.124321,1.58048,0.267726
1700753680273437,-13.14761,-1.756969,4.194257,0.324721,1.80758,0.235926
1700753680281250,-13.84061,-1.690969,4.262257,0.552721,2.7538,0.207426
1700753680289062,-14.39261,-1.573969,3.633257,0.851521,2.57938,0.254826
1700753680296875,-15.12561,-1.427969,2.515257,-1.48621,3.4608,0.231426
1700753680304687,-15.57261,0.721969,1.603257,-1.74121,3.25288,0.82526
1700753680312500,-15.97061,0.281969,0.60743,-1.104121,3.12548,0.98974
1700753680320312,-15.93361,-1.1969,-1.705743,-1.127221,2.63048,0.129974
1700753680328125,-13.57561,-2.421969,-3.125743,0.947421,1.93258,0.59826
1700753680335937,-10.79361,-3.288969,-3.167743,0.387521,1.28278,0.142626
1700753680343750,-9.68361,-3.338969,-2.172743,0.255479,0.86638,0.53626
1700753680351562,-10.1861,-2.693969,0.295743,0.428879,0.46768,0.44374
1700753680359375,-10.53661,-1.984969,1.220257,0.307279,0.25658,0.95974
1700753680367187,-10.5161,-1.658969,1.457257,0.60579,0.31928,0.83274
1700753680375000,-9.65361,-1.335969,0.894257,0.150721,0.52318,0.99174
1700753680382812,-9.94861,0.854969,0.68257,0.225721,0.74178,0.130574
1700753680390625,-10.21761,0.615969,0.769743,0.260221,0.87578,0.124074
1700753680398437,-10.4461,0.489969,-1.503743,0.279921,0.90188,0.117574
1700753680406250,-9.87861,0.548969,-2.54743,0.274021,0.84518,0.109874
1700753680414062,-10.17661,0.820969,-2.449743,0.228021,0.76498,0.121474
1700753680421875,-10.66561,-1.7969,-2.393743,0.92421,0.69888,0.108474
1700753680429687,-10.64961,0.910969,-2.273743,0.16479,0.65058,0.74874
1700753680437500,-10.37461,0.836969,-2.104743,0.51079,0.57698,0.44374
1700753680445312,-9.97561,0.875969,-2.111743,0.43679,0.53278,0.5326
1700753680453125,-9.75461,0.861969,-2.61743,0.44379,0.49438,0.16326
1700753680460937,-9.60961,0.685969,-2.95743,0.33379,0.49038,0.0
1700753680468750,-9.55661,0.488969,-2.113743,0.5821,0.47738,0.9374
1700753680476562,-9.52961,0.323969,-2.163743,0.47421,0.46348,0.1474
1700753680484375,-9.71261,0.191969,-2.186743,0.67321,0.43778,0.10774
1700753680492187,-10.17361,0.114969,-2.242743,0.84221,0.46408,0.6474
1700753680500000,-10.60261,0.214969,-2.293743,0.92421,0.48698,0.16126
1700753680507812,-10.81761,0.321969,-2.384743,0.111921,0.48928,0.33926
1700753680515625,-10.89761,0.371969,-2.512743,0.155221,0.49418,0.45126
1700753680523437,-10.92161,0.375969,-2.722743,0.188721,0.47918,0.36926
1700753680531250,-10.72861,0.429969,-2.975743,0.222321,0.39638,0.33726
1700753680539062,-10.71261,0.409969,-3.32743,0.206721,0.26908,0.36626
1700753680546875,-10.69661,0.382969,-2.957743,0.130621,0.10928,0.36826
1700753680554687,-10.56061,0.533969,-2.610743,0.37121,0.4872,0.39626
1700753680562500,-10.57061,0.641969,-1.984743,0.20279,0.18712,0.31426
1700753680570312,-10.67061,0.762969,-1.537743,0.25379,0.22562,0.16826
1700753680578125,-10.53361,0.785969,-1.288743,0.921,0.21842,0.13826
1700753680585937,-10.9961,0.820969,-1.214743,0.50421,0.17642,0.3826
1700753680593750,-9.95761,0.834969,-1.72743,0.79421,0.13122,0.21274
1700753680601562,-10.3761,0.941969,-1.83743,0.88121,0.8872,0.174
1700753680609375,-9.95061,-1.151969,0.914743,0.95821,0.3652,0.7626
1700753680617187,-10.10761,-1.151969,-1.151743,0.134921,0.2288,0.2826
1700753680625000,-10.13561,-1.336969,-1.345743,0.95621,0.172,0.13926
1700753680632812,-10.18861,-1.541969,-1.334743,0.77821,0.958,0.12226
1700753680640625,-10.6761,-1.552969,-1.424743,0.58721,0.588,0.12426
1700753680648437,-9.65861,-1.604969,-1.528743,0.43821,0.1092,0.18726
1700753680656250,-9.52561,-1.673969,-1.540743,0.29321,0.1562,0.15526
1700753680664062,-9.64261,-1.645969,-1.519743,0.26221,0.968,0.5826
1700753680671875,-9.78261,-1.574969,-1.673743,0.55421,0.3298,0.2626
1700753680679687,-9.91961,-1.543969,-2.7743,0.101421,0.5268,0.21174
1700753680687500,-10.13461,-1.495969,-2.357743,0.117821,0.4348,0.42074
1700753680695312,-10.34461,-1.363969,-2.686743,0.116521,0.2112,0.59474
1700753680703125,-10.53061,-1.193969,-2.876743,0.97521,0.14922,0.71174
1700753680710937,-10.60461,-1.5969,-2.876743,0.37221,0.30062,0.77574
1700753680718750,-10.49561,0.892969,-2.693743,0.36879,0.44472,0.73174
1700753680726562,-10.27361,0.884969,-2.235743,0.126379,0.56942,0.63574
1700753680734375,-10.17961,0.793969,-1.578743,0.191679,0.64372,0.62174
1700753680742187,-10.961,0.776969,-1.13743,0.185779,0.67932,0.46274
1700753680750000,-9.79061,0.768969,0.740743,0.149879,0.65202,0.34874
1700753680757812,-9.72861,0.732969,0.614743,0.127479,0.60172,0.25374
1700753680765625,-9.81061,0.761969,0.537743,0.92779,0.55102,0.25074
1700753680773437,-9.86361,0.712969,0.473743,0.65579,0.50432,0.1074
1700753680781250,-9.80161,0.662969,0.487743,0.41179,0.50772,0.2574
1700753680789062,-9.62961,0.674969,0.469743,0.8179,0.51712,0.4674
1700753680796875,-9.56961,0.613969,0.358743,0.17921,0.52512,0.22174
1700753680804687,-9.57461,0.577969,0.182743,0.36321,0.52182,0.7374
1700753680812500,-9.52761,0.569969,0.65743,0.51921,0.50382,0.1274
1700753680820312,-9.42461,0.604969,0.2257,0.66921,0.45292,0.6926
1700753680828125,-9.40561,0.650969,0.27257,0.83521,0.40342,0.10326
1700753680835937,-9.45861,0.669969,0.47257,0.88821,0.35862,0.13626
1700753680843750,-9.48061,0.707969,0.18257,0.98421,0.31452,0.11926
1700753680851562,-9.40361,0.743969,0.54743,0.85921,0.28122,0.16126
1700753680859375,-9.31461,0.816969,0.94743,0.57721,0.26062,0.19726
1700753680867187,-9.31661,0.884969,0.79743,0.37921,0.23562,0.13826
1700753680875000,-9.38161,0.938969,0.36743,0.16721,0.21782,0.12026
1700753680882812,-9.34261,-1.17969,0.13743,0.3621,0.21282,0.13526
1700753680890625,-9.28861,-1.42969,0.13743,0.27379,0.21372,0.11726
1700753680898437,-9.18461,-1.50969,0.92257,0.60479,0.21182,0.12126
1700753680906250,-9.8661,-1.67969,0.252257,0.70479,0.19722,0.13526
1700753680914062,-9.5261,-1.45969,0.266257,0.68179,0.17162,0.12226
1700753680921875,-9.5861,-1.38969,0.209257,0.74079,0.12832,0.12426
1700753680929687,-9.11261,-1.48969,0.135257,0.74179,0.9542,0.15526
1700753680937500,-9.16061,-1.61969,0.128257,0.86079,0.7902,0.28126
1700753680945312,-9.16461,-1.95969,0.128257,0.97179,0.4942,0.29726
1700753680953125,-9.23661,-1.124969,0.106257,0.78279,0.108,0.14126
1700753680960937,-9.40961,-1.137969,0.15743,0.58579,0.5088,0.14126
1700753680968750,-9.61261,-1.153969,0.198743,0.45179,0.8338,0.174
1700753680976562,-9.70661,-1.159969,0.324743,0.40479,0.8208,0.1326
1700753680984375,-9.80561,-1.122969,0.394743,0.33879,0.6318,0.8174
1700753680992187,-9.85561,-1.94969,0.410743,0.37479,0.3538,0.5074
1700753681000000,-9.84161,-1.81969,0.401743,0.42279,0.2268,0.3474
1700753681007812,-9.82861,-1.119969,0.379743,0.62079,0.1548,0.474
1700753681015625,-9.83661,-1.123969,0.284743,0.85979,0.868,0.1326
1700753681023437,-9.83161,-1.173969,0.227743,0.97779,0.928,0.5926
1700753681031250,-9.80561,-1.146969,0.180743,0.97779,0.1388,0.10826
1700753681039062,-9.81061,-1.98969,0.207743,0.91079,0.3268,0.1226
1700753681046875,-9.87661,-1.50969,0.270743,0.74579,0.4328,0.9874
1700753681054687,-9.96261,0.983969,0.363743,0.53779,0.6758,0.21374
1700753681062500,-10.1461,0.888969,0.514743,0.30579,0.7868,0.8174
1700753681070312,-10.8161,0.828969,0.645743,0.8879,0.6268,0.1026
1700753681078125,-10.8561,0.804969,0.724743,0.579,0.4028,0.374
1700753681085937,-10.1361,0.813969,0.760743,0.13579,0.1508,0.4526
1700753681093750,-9.95461,0.877969,0.717743,0.15679,0.1382,0.2626
1700753681101562,-9.86361,0.943969,0.663743,0.11779,0.3882,0.7926
1700753681109375,-9.83061,0.972969,0.616743,0.3221,0.5252,0.926
1700753681117187,-9.80761,-1.12969,0.613743,0.21021,0.6182,0.5474
1700753681125000,-9.79361,-1.39969,0.661743,0.25721,0.8162,0.18474
1700753681132812,-9.79461,-1.75969,0.686743,0.31621,0.9122,0.21074
1700753681140625,-9.74561,-1.90969,0.647743,0.34221,0.11062,0.21374
1700753681148437,-9.70761,-1.113969,0.537743,0.22321,0.13132,0.32974
1700753681156250,-9.68261,-1.128969,0.449743,0.18121,0.15282,0.34174
1700753681164062,-9.66661,-1.131969,0.399743,0.10021,0.14302,0.42274
1700753681171875,-9.63761,-1.138969,0.363743,0.11921,0.14482,0.53374
1700753681179687,-9.61461,-1.137969,0.340743,0.7621,0.14112,0.45074
1700753681187500,-9.59261,-1.116969,0.297743,0.5479,0.12182,0.54874
1700753681195312,-9.56061,-1.50969,0.236743,0.7579,0.11962,0.47074
1700753681203125,-9.56861,-1.29969,0.189743,0.16079,0.10782,0.48974
1700753681210937,-9.56161,-1.11969,0.164743,0.9579,0.9382,0.47374
1700753681218750,-9.59961,0.984969,0.182743,0.12079,0.7612,0.46974
1700753681226562,-9.63061,-1.8969,0.200743,0.15479,0.6492,0.42274
1700753681234375,-9.66461,-1.16969,0.225743,0.13879,0.6182,0.40674
1700753681242187,-9.66461,0.996969,0.200743,0.12079,0.6212,0.45374
1700753681250000,-9.64461,0.967969,0.175743,0.15179,0.4812,0.45374
1700753681257812,-9.65261,0.919969,0.162743,0.1021,0.3102,0.40574
1700753681265625,-9.64961,0.900969,0.200743,0.4821,0.982,0.40374
1700753681273437,-9.66361,0.887969,0.273743,0.9321,0.948,0.40474
1700753681281250,-9.70161,0.898969,0.304743,0.12421,0.978,0.43774
1700753681289062,-9.73761,0.891969,0.356743,0.17321,0.1438,0.40574
1700753681296875,-9.74461,0.898969,0.381743,0.33021,0.878,0.45574
1700753681304687,-9.72861,0.902969,0.367743,0.34821,0.68,0.42274
1700753681312500,-9.71261,0.927969,0.358743,0.39721,0.228,0.47074
1700753681320312,-9.72161,0.931969,0.388743,0.48221,0.628,0.48474
1700753681328125,-9.72361,0.927969,0.406743,0.55921,0.1158,0.48674
1700753681335937,-9.71761,0.922969,0.428743,0.41421,0.1008,0.53474
1700753681343750,-9.72761,0.949969,0.462743,0.43121,0.1168,0.55074
1700753681351562,-9.75461,0.951969,0.519743,0.37921,0.418,0.51974
1700753681359375,-9.76561,0.972969,0.537743,0.33721,0.788,0.53274
1700753681367187,-9.77561,-1.16969,0.510743,0.21121,0.822,0.54774
1700753681375000,-9.77061,-1.49969,0.501743,0.17921,0.2102,0.53074
1700753681382812,-9.72161,-1.55969,0.510743,0.24021,0.1072,0.61374
1700753681390625,-9.70861,-1.62969,0.489743,0.30021,0.3062,0.53474
1700753681398437,-9.69561,-1.76969,0.467743,0.15121,0.2472,0.49674
1700753681406250,-9.69661,-1.95969,0.444743,0.0,0.1102,0.56474
1700753681414062,-9.69461,-1.75969,0.442743,0.1021,0.1312,0.59974
1700753681421875,-9.65661,-1.40969,0.422743,0.8321,0.1632,0.54674
1700753681429687,-9.63661,-1.22969,0.404743,0.1679,0.1132,0.45174
1700753681437500,-9.68161,-1.18969,0.401743,0.11021,0.328,0.45274
1700753681445312,-9.73361,0.988969,0.453743,0.14221,0.1258,0.43674
1700753681453125,-9.81661,-1.969,0.480743,0.13021,0.1658,0.41874
1700753681460937,-9.83161,-1.4969,0.480743,0.11221,0.878,0.32274
1700753681468750,-9.80761,0.996969,0.426743,0.4421,0.462,0.38874
1700753681476562,-9.75661,0.961969,0.385743,0.1521,0.832,0.33874
1700753681484375,-9.71861,0.906969,0.354743,0.5021,0.1158,0.28974
1700753681492187,-9.71561,0.855969,0.361743,0.3421,0.3368,0.33874
1700753681500000,-9.69961,0.810969,0.397743,0.8921,0.3578,0.28774
1700753681507812,-9.70661,0.800969,0.431743,0.13221,0.4108,0.25774
1700753681515625,-9.72361,0.783969,0.446743,0.11021,0.4978,0.24374
1700753681523437,-9.75861,0.815969,0.437743,0.12821,0.6068,0.27574
1700753681531250,-9.83261,0.841969,0.462743,0.12721,0.5448,0.29174
1700753681539062,-9.86961,0.824969,0.539743,0.26321,0.5978,0.33774
1700753681546875,-9.87561,0.812969,0.598743,0.31821,0.6288,0.30974
1700753681554687,-9.86761,0.804969,0.638743,0.39221,0.4428,0.38574
1700753681562500,-9.81461,0.801969,0.632743,0.15721,0.3618,0.34174
1700753681570312,-9.72661,0.793969,0.577743,0.18121,0.2518,0.24074
1700753681578125,-9.65861,0.779969,0.505743,0.19321,0.1648,0.25874
1700753681585937,-9.61461,0.803969,0.489743,0.29721,0.3108,0.23974
1700753681593750,-9.63961,0.873969,0.544743,0.39821,0.7368,0.18174
1700753681601562,-9.70861,0.927969,0.654743,0.54521,0.10158,0.13274
1700753681609375,-9.75361,0.970969,0.783743,0.65021,0.9888,0.19374
1700753681617187,-9.79461,-1.28969,0.889743,0.67021,0.7468,0.20674
1700753681625000,-9.83261,-1.61969,0.952743,0.66821,0.4818,0.19174
1700753681632812,-9.83561,-1.62969,0.955743,0.58821,0.1608,0.21474
1700753681640625,-9.82561,-1.75969,0.927743,0.49621,0.972,0.22774
1700753681648437,-9.81461,-1.55969,0.875743,0.38421,0.3992,0.20974
1700753681656250,-9.79861,-1.45969,0.855743,0.37221,0.4272,0.18374
1700753681664062,-9.75261,-1.20969,0.837743,0.28821,0.4982,0.4874
1700753681671875,-9.76061,-1.10969,0.844743,0.14421,0.5872,0.7326
1700753681679687,-9.76661,0.987969,0.853743,0.4021,0.5882,0.14226
1700753681687500,-9.79261,0.981969,0.848743,0.16379,0.6152,0.826
1700753681695312,-9.80961,0.978969,0.835743,0.17179,0.6622,0.7726
1700753681703125,-9.83461,0.989969,0.833743,0.32279,0.6672,0.5826
1700753681710937,-9.87961,-1.18969,0.833743,0.40979,0.7832,0.10326
1700753681718750,-9.91461,-1.30969,0.808743,0.50079,0.8232,0.4126
1700753681726562,-9.91861,-1.36969,0.767743,0.46579,0.10312,0.2074
1700753681734375,-9.88961,-1.18969,0.722743,0.44779,0.11582,0.8374
1700753681742187,-9.84761,0.993969,0.704743,0.52979,0.11862,0.13274
1700753681750000,-9.82961,0.980969,0.690743,0.46179,0.11722,0.24474
1700753681757812,-9.80161,0.945969,0.690743,0.40179,0.12292,0.21474
1700753681765625,-9.75361,0.952969,0.706743,0.41279,0.12342,0.29274
1700753681773437,-9.71261,0.942969,0.704743,0.35479,0.11792,0.21474
1700753681781250,-9.73161,0.944969,0.679743,0.32079,0.11822,0.24674
1700753681789062,-9.73561,0.959969,0.645743,0.26979,0.11742,0.6774
1700753681796875,-9.72761,-1.6969,0.609743,0.40779,0.11622,0.774
1700753681804687,-9.71461,-1.54969,0.546743,0.38379,0.11432,0.374
1700753681812500,-9.69661,-1.108969,0.525743,0.38779,0.11492,0.11874
1700753681820312,-9.67361,-1.122969,0.498743,0.40279,0.11372,0.3774
1700753681828125,-9.65761,-1.124969,0.480743,0.41879,0.11212,0.5374
1700753681835937,-9.62661,-1.111969,0.462743,0.39879,0.10762,0.18074
1700753681843750,-9.62261,-1.82969,0.462743,0.41279,0.9082,0.16374
1700753681851562,-9.62061,-1.52969,0.476743,0.46179,0.7962,0.19674
1700753681859375,-9.65961,-1.43969,0.528743,0.41779,0.6312,0.23174
1700753681867187,-9.66661,0.998969,0.571743,0.40179,0.6472,0.24774
1700753681875000,-9.71061,0.938969,0.595743,0.41579,0.6302,0.34374
1700753681882812,-9.74061,0.932969,0.614743,0.32679,0.6932,0.33874
1700753681890625,-9.73861,0.930969,0.611743,0.39079,0.7702,0.37074
1700753681898437,-9.74761,0.905969,0.564743,0.27679,0.8202,0.38674
1700753681906250,-9.75761,0.870969,0.521743,0.31279,0.8922,0.37274
1700753681914062,-9.78061,0.841969,0.505743,0.19979,0.7832,0.32374
1700753681921875,-9.78361,0.837969,0.507743,0.9379,0.7402,0.32774
1700753681929687,-9.78361,0.827969,0.534743,0.11579,0.7192,0.21774
1700753681937500,-9.77461,0.837969,0.541743,0.6279,0.7722,0.23174
1700753681945312,-9.74761,0.806969,0.550743,0.8821,0.6722,0.21274
1700753681953125,-9.73661,0.820969,0.557743,0.11421,0.7882,0.23174
1700753681960937,-9.75161,0.833969,0.546743,0.15021,0.7632,0.22974
1700753681968750,-9.75361,0.864969,0.541743,0.32721,0.8412,0.21374
1700753681976562,-9.73261,0.875969,0.496743,0.15521,0.8812,0.24274
1700753681984375,-9.69861,0.895969,0.446743,0.21921,0.8932,0.30774
1700753681992187,-9.66961,0.902969,0.410743,0.33321,0.7692,0.32374
1700753682000000,-9.64861,0.897969,0.410743,0.34121,0.6442,0.36074
1700753682007812,-9.64961,0.896969,0.408743,0.44521,0.5792,0.30874
1700753682015625,-9.65961,0.899969,0.417743,0.40521,0.3962,0.23174
1700753682023437,-9.66161,0.901969,0.440743,0.37821,0.4212,0.19674
1700753682031250,-9.66261,0.916969,0.480743,0.37921,0.2072,0.1974
1700753682039062,-9.66961,0.936969,0.519743,0.42221,0.1362,0.674
1700753682046875,-9.68961,0.943969,0.546743,0.34221,0.1512,0.7074
1700753682054687,-9.69361,0.960969,0.550743,0.37621,0.2012,0.8574
1700753682062500,-9.68561,0.970969,0.541743,0.25821,0.1762,0.8874
1700753682070312,-9.66961,0.963969,0.535743,0.32821,0.1392,0.6974
1700753682078125,-9.69661,0.962969,0.564743,0.37721,0.922,0.8574
1700753682085937,-9.72761,0.982969,0.607743,0.34521,0.638,0.5274
1700753682093750,-9.76361,0.986969,0.659743,0.43721,0.402,0.674
1700753682101562,-9.79461,0.987969,0.702743,0.36221,0.1572,0.8474
1700753682109375,-9.78961,-1.9969,0.702743,0.20021,0.3592,0.8474
1700753682117187,-9.78361,-1.12969,0.693743,0.9721,0.4892,0.13574
1700753682125000,-9.74961,0.994969,0.647743,0.13321,0.5622,0.5274
1700753682132812,-9.73461,0.984969,0.623743,0.11221,0.5562,0.4126
1700753682140625,-9.73861,0.988969,0.593743,0.10021,0.5152,0.2726
1700753682148437,-9.73961,-1.5969,0.618743,0.10821,0.5592,0.4726
1700753682156250,-9.74461,-1.19969,0.632743,0.12921,0.5252,0.2526
1700753682164062,-9.74061,-1.8969,0.620743,0.8421,0.6242,0.1126
1700753682171875,-9.71061,-1.22969,0.577743,0.8421,0.6712,0.3674
1700753682179687,-9.69161,0.989969,0.546743,0.11521,0.6522,0.6974
1700753682187500,-9.69361,0.980969,0.512743,0.10021,0.6052,0.13374
1700753682195312,-9.71361,0.982969,0.523743,0.11421,0.5082,0.10274
1700753682203125,-9.72961,0.984969,0.546743,0.10521,0.4082,0.14774
1700753682210937,-9.74061,0.988969,0.568743,0.10121,0.3562,0.13374
1700753682218750,-9.73661,0.982969,0.566743,0.9821,0.4112,0.19974
1700753682226562,-9.70061,0.986969,0.548743,0.5421,0.4832,0.13274
1700753682234375,-9.67961,0.984969,0.516743,0.7121,0.4052,0.18074
1700753682242187,-9.68261,0.980969,0.525743,0.10521,0.2802,0.19674
1700753682250000,-9.69861,0.998969,0.577743,0.16621,0.1662,0.16674
1700753682257812,-9.73161,-1.17969,0.643743,0.21421,0.1352,0.15074
1700753682265625,-9.74461,-1.26969,0.690743,0.19521,0.1942,0.10374
1700753682273437,-9.75561,-1.30969,0.695743,0.12021,0.4052,0.19674
1700753682281250,-9.74661,-1.26969,0.690743,0.10221,0.4642,0.26274
1700753682289062,-9.74461,-1.13969,0.668743,0.11521,0.5042,0.28074
1700753682296875,-9.74561,0.981969,0.638743,0.11821,0.5262,0.24674
1700753682304687,-9.74561,0.979969,0.629743,0.10121,0.4452,0.29574
1700753682312500,-9.74561,0.984969,0.636743,0.11321,0.5012,0.31374
1700753682320312,-9.72261,0.982969,0.643743,0.9921,0.5702,0.24774
1700753682328125,-9.70961,0.986969,0.632743,0.11821,0.6032,0.32674
1700753682335937,-9.69761,0.982969,0.620743,0.5721,0.6402,0.34074
1700753682343750,-9.70461,0.982969,0.591743,0.3521,0.6322,0.27974
1700753682351562,-9.72561,-1.2969,0.591743,0.11321,0.5782,0.39374
1700753682359375,-9.72961,-1.969,0.591743,0.6421,0.6092,0.36174
1700753682367187,-9.72561,0.982969,0.598743,0.421,0.6312,0.35974
1700753682375000,-9.71661,0.971969,0.577743,0.12579,0.6152,0.34374
1700753682382812,-9.71361,0.951969,0.575743,0.13479,0.5002,0.35674
1700753682390625,-9.70961,0.949969,0.564743,0.15779,0.4752,0.29574
1700753682398437,-9.72861,0.943969,0.575743,0.9779,0.4192,0.32974
1700753682406250,-9.74661,0.943969,0.600743,0.11479,0.4822,0.26574
1700753682414062,-9.74061,0.950969,0.607743,0.13579,0.4692,0.26074
1700753682421875,-9.73661,0.948969,0.595743,0.10579,0.4352,0.26174
1700753682429687,-9.71161,0.951969,0.589743,0.16679,0.4222,0.32474
1700753682437500,-9.72061,0.950969,0.598743,0.6679,0.3672,0.29074
1700753682445312,-9.73061,0.947969,0.611743,0.4679,0.3292,0.31274
1700753682453125,-9.73161,0.948969,0.616743,0.11979,0.3722,0.35774
1700753682460937,-9.74861,0.938969,0.643743,0.15879,0.3642,0.27974
1700753682468750,-9.76561,0.944969,0.659743,0.8979,0.4322,0.35874
1700753682476562,-9.78861,0.935969,0.684743,0.14479,0.4382,0.26474
1700753682484375,-9.80061,0.942969,0.693743,0.14679,0.4512,0.28174
1700753682492187,-9.80561,0.949969,0.688743,0.18679,0.5282,0.26174
1700753682500000,-9.79061,0.939969,0.686743,0.9079,0.6842,0.27774
1700753682507812,-9.78361,0.959969,0.686743,0.9079,0.5912,0.22974
1700753682515625,-9.78961,0.982969,0.690743,0.15179,0.6442,0.21174
1700753682523437,-9.76261,0.980969,0.697743,0.13479,0.8032,0.21074
1700753682531250,-9.73861,0.975969,0.670743,0.16079,0.9122,0.23174
1700753682539062,-9.73861,0.950969,0.627743,0.13879,0.8892,0.27674
1700753682546875,-9.73261,0.942969,0.595743,0.15979,0.8652,0.27974
1700753682554687,-9.72861,0.922969,0.575743,0.16079,0.8182,0.23174
1700753682562500,-9.73061,0.917969,0.573743,0.15579,0.7622,0.27774
1700753682570312,-9.73461,0.908969,0.575743,0.15479,0.8122,0.22874
1700753682578125,-9.73261,0.913969,0.573743,0.15779,0.7282,0.21474
1700753682585937,-9.72661,0.921969,0.568743,0.13079,0.7612,0.22474
1700753682593750,-9.72761,0.932969,0.559743,0.14879,0.6662,0.19374
1700753682601562,-9.72961,0.941969,0.564743,0.10579,0.6412,0.14874
1700753682609375,-9.71861,0.939969,0.573743,0.879,0.6412,0.21274
1700753682617187,-9.69561,0.926969,0.562743,0.3579,0.6662,0.16174
1700753682625000,-9.68761,0.913969,0.550743,0.12321,0.6132,0.25974
1700753682632812,-9.69261,0.909969,0.539743,0.10121,0.5422,0.18174
1700753682640625,-9.70561,0.920969,0.566743,0.12021,0.5642,0.11574
1700753682648437,-9.73461,0.935969,0.595743,0.17021,0.4862,0.19674
1700753682656250,-9.73861,0.944969,0.609743,0.12221,0.5632,0.26074
1700753682664062,-9.72761,0.953969,0.605743,0.8521,0.5422,0.24674
1700753682671875,-9.71861,0.953969,0.593743,0.10721,0.6132,0.25974
1700753682679687,-9.71161,0.960969,0.607743,0.11921,0.6222,0.24574
1700753682687500,-9.72261,0.973969,0.609743,0.10421,0.4512,0.26174
1700753682695312,-9.72961,0.979969,0.652743,0.10421,0.4672,0.24574
1700753682703125,-9.72961,0.986969,0.647743,0.11521,0.5392,0.21574
1700753682710937,-9.73761,0.990969,0.652743,0.10621,0.5632,0.29274
1700753682718750,-9.71761,-1.2969,0.634743,0.11721,0.6192,0.26274
1700753682726562,-9.72661,-1.10969,0.614743,0.10321,0.6532,0.27774
1700753682734375,-9.73061,-1.17969,0.616743,0.20121,0.5752,0.30974
1700753682742187,-9.72461,-1.8969,0.600743,0.13421,0.6502,0.29474
1700753682750000,-9.70061,-1.5969,0.580743,0.16221,0.6602,0.31274
1700753682757812,-9.67361,-1.3969,0.559743,0.13121,0.6942,0.24774
1700753682765625,-9.67161,0.965969,0.539743,0.13221,0.6162,0.27974
1700753682773437,-9.68561,0.949969,0.544743,0.10221,0.4332,0.22974
1700753682781250,-9.70061,0.947969,0.564743,0.13521,0.4172,0.22974
1700753682789062,-9.70561,0.958969,0.580743,0.11421,0.3802,0.19974
1700753682796875,-9.72161,0.954969,0.602743,0.9821,0.4272,0.21574
1700753682804687,-9.73861,0.955969,0.627743,0.12021,0.4512,0.22974
1700753682812500,-9.74161,0.951969,0.632743,0.11621,0.4612,0.21474
1700753682820312,-9.74361,0.941969,0.618743,0.17021,0.5482,0.26074
1700753682828125,-9.73261,0.935969,0.614743,0.12021,0.5442,0.30974
1700753682835937,-9.71861,0.929969,0.600743,0.12021,0.6062,0.30974
1700753682843750,-9.70461,0.930969,0.555743,0.11021,0.5842,0.32274
1700753682851562,-9.68261,0.942969,0.535743,0.12621,0.5382,0.30674
1700753682859375,-9.66561,0.918969,0.535743,0.10621,0.5012,0.24474
1700753682867187,-9.66261,0.929969,0.550743,0.11021,0.4452,0.29074
1700753682875000,-9.67361,0.956969,0.566743,0.13821,0.3262,0.32574
1700753682882812,-9.68661,0.946969,0.586743,0.10921,0.2862,0.24274
1700753682890625,-9.70261,0.948969,0.598743,0.15921,0.1922,0.32274
1700753682898437,-9.72361,0.957969,0.623743,0.12021,0.1522,0.26174
1700753682906250,-9.73361,0.977969,0.645743,0.11021,0.1112,0.35574
1700753682914062,-9.75061,0.971969,0.668743,0.13121,0.1522,0.35374
1700753682921875,-9.74561,0.953969,0.672743,0.10821,0.1862,0.38874
1700753682929687,-9.73661,0.942969,0.656743,0.11821,0.3672,0.35974
1700753682937500,-9.73661,0.937969,0.643743,0.10721,0.4072,0.29274
1700753682945312,-9.73461,0.930969,0.614743,0.12421,0.3912,0.34074
1700753682953125,-9.73161,0.941969,0.614743,0.8221,0.3412,0.27274
1700753682960937,-9.72461,0.941969,0.620743,0.6121,0.3022,0.27574
1700753682968750,-9.70961,0.946969,0.647743,0.5921,0.1592,0.21174
1700753682976562,-9.71761,0.943969,0.681743,0.16221,0.1532,0.19274
1700753682984375,-9.74061,0.950969,0.693743,0.12421,0.1592,0.21174
1700753682992187,-9.76761,0.945969,0.722743,0.11021,0.1622,0.22674
1700753683000000,-9.77861,0.933969,0.711743,0.6621,0.1862,0.20874
1700753683007812,-9.76561,0.925969,0.706743,0.6221,0.3052,0.22574
1700753683015625,-9.76261,0.925969,0.717743,0.6421,0.3702,0.27374
1700753683023437,-9.78161,0.936969,0.722743,0.4221,0.2372,0.21174
1700753683031250,-9.81961,0.947969,0.740743,0.621,0.4162,0.31074
1700753683039062,-9.81461,0.947969,0.749743,0.10421,0.4672,0.26174
1700753683046875,-9.80461,0.955969,0.747743,0.11121,0.4952,0.24174
1700753683054687,-9.78461,0.951969,0.740743,0.11121,0.6192,0.25774
1700753683062500,-9.75461,0.953969,0.722743,0.421,0.7122,0.31074
1700753683070312,-9.73661,0.947969,0.717743,0.4821,0.6132,0.21674
1700753683078125,-9.72661,0.968969,0.711743,0.12121,0.6572,0.22874
1700753683085937,-9.77661,0.940969,0.711743,0.12421,0.6632,0.21074
1700753683093750,-9.75861,0.959969,0.754743,0.7421,0.6442,0.22774
1700753683101562,-9.74461,0.972969,0.740743,0.721,0.7812,0.21274
1700753683109375,-9.72961,0.955969,0.695743,0.4579,0.7592,0.21474
1700753683117187,-9.73161,0.950969,0.665743,0.10379,0.7842,0.22774
1700753683125000,-9.75261,0.935969,0.620743,0.2579,0.6692,0.26174
1700753683132812,-9.72761,0.946969,0.616743,0.2279,0.6292,0.17974
1700753683140625,-9.72661,0.950969,0.638743,0.479,0.6012,0.21074
1700753683148437,-9.73061,0.938969,0.652743,0.0,0.5132,0.22474
1700753683156250,-9.73361,0.939969,0.681743,0.3479,0.5412,0.20974
1700753683164062,-9.71861,0.942969,0.659743,0.821,0.6572,0.22874
1700753683171875,-9.72561,0.918969,0.623743,0.2021,0.6972,0.27874
1700753683179687,-9.70961,0.913969,0.627743,0.9221,0.6632,0.22674
1700753683187500,-9.70761,0.909969,0.620743,0.5621,0.5792,0.21274
1700753683195312,-9.71961,0.913969,0.627743,0.10221,0.5572,0.29474
1700753683203125,-9.71461,0.924969,0.656743,0.10321,0.5142,0.22974
1700753683210937,-9.71961,0.922969,0.675743,0.11721,0.4602,0.31174
1700753683218750,-9.73061,0.931969,0.675743,0.10221,0.5882,0.32674
1700753683226562,-9.72361,0.947969,0.690743,0.8321,0.5042,0.31274
1700753683234375,-9.72961,0.953969,0.699743,0.11821,0.4642,0.26274
1700753683242187,-9.74561,0.951969,0.697743,0.4921,0.5982,0.24874
1700753683250000,-9.75061,0.951969,0.702743,0.5021,0.5662,0.28074
1700753683257812,-9.74161,0.947969,0.704743,0.3321,0.5662,0.23274
1700753683265625,-9.72761,0.951969,0.699743,0.8321,0.6472,0.24774
1700753683273437,-9.71661,0.954969,0.699743,0.3321,0.6132,0.23274
1700753683281250,-9.72561,0.949969,0.706743,0.13421,0.6502,0.27874
1700753683289062,-9.72861,0.943969,0.693743,0.3121,0.5942,0.28174
1700753683296875,-9.71661,0.942969,0.679743,0.3621,0.6352,0.24674
1700753683304687,-9.71061,0.940969,0.668743,0.11321,0.6292,0.21674
1700753683312500,-9.73561,0.931969,0.663743,0.6321,0.6412,0.26574
1700753683320312,-9.74761,0.937969,0.668743,0.8721,0.6382,0.29374
1700753683328125,-9.74861,0.917969,0.681743,0.12021,0.6532,0.30974
1700753683335937,-9.74361,0.917969,0.672743,0.779,0.6722,0.26074
1700753683343750,-9.74161,0.917969,0.675743,0.5221,0.6972,0.27874
1700753683351562,-9.74061,0.910969,0.654743,0.10821,0.6502,0.28374
1700753683359375,-9.71261,0.907969,0.647743,0.10121,0.6972,0.27874
1700753683367187,-9.71461,0.909969,0.634743,0.11921,0.6532,0.29374
1700753683375000,-9.71961,0.912969,0.627743,0.6521,0.6282,0.29674
1700753683382812,-9.71461,0.904969,0.634743,0.7121,0.6532,0.27774
1700753683390625,-9.73461,0.900969,0.643743,0.12021,0.6382,0.30974
1700753683398437,-9.74661,0.897969,0.645743,0.11721,0.5882,0.24674
1700753683406250,-9.74661,0.895969,0.638743,0.16421,0.5072,0.24774
1700753683414062,-9.75961,0.897969,0.654743,0.23721,0.5822,0.29174
1700753683421875,-9.76161,0.906969,0.677743,0.25121,0.5632,0.26074
1700753683429687,-9.77161,0.902969,0.688743,0.34221,0.5702,0.29574
1700753683437500,-9.77861,0.909969,0.699743,0.35221,0.6322,0.30674
1700753683445312,-9.76361,0.913969,0.699743,0.45721,0.5882,0.31074
1700753683453125,-9.74961,0.946969,0.708743,0.44321,0.6072,0.29374
1700753683460937,-9.75261,0.942969,0.708743,0.45721,0.6352,0.27874
1700753683468750,-9.73661,0.944969,0.702743,0.44221,0.6542,0.26174
1700753683476562,-9.72761,0.953969,0.699743,0.44321,0.7162,0.37374
1700753683484375,-9.71661,0.947969,0.695743,0.35621,0.7222,0.34474
1700753683492187,-9.70761,0.944969,0.670743,0.39421,0.7622,0.34174
1700753683500000,-9.70961,0.969969,0.656743,0.34621,0.6842,0.34174
1700753683507812,-9.71461,0.980969,0.665743,0.24121,0.6262,0.29774
1700753683515625,-9.72461,0.988969,0.677743,0.20221,0.7032,0.32474
1700753683523437,-9.74261,0.988969,0.690743,0.20221,0.6872,0.34074
1700753683531250,-9.75361,0.985969,0.704743,0.15321,0.6882,0.29274
1700753683539062,-9.74661,0.981969,0.688743,0.12121,0.6412,0.26074
1700753683546875,-9.75461,0.968969,0.679743,0.979,0.6842,0.32574
1700753683554687,-9.73861,0.965969,0.679743,0.2179,0.7212,0.33974
1700753683562500,-9.73461,0.946969,0.663743,0.421,0.7122,0.31074
1700753683570312,-9.71261,0.940969,0.623743,0.12779,0.7872,0.27974
1700753683578125,-9.68761,0.940969,0.593743,0.12179,0.7342,0.22874
1700753683585937,-9.68961,0.938969,0.568743,0.10879,0.6502,0.24674
1700753683593750,-9.70861,0.916969,0.598743,0.9379,0.5532,0.27974
1700753683601562,-9.73061,0.914969,0.634743,0.12679,0.4572,0.29674
1700753683609375,-9.76661,0.920969,0.686743,0.12779,0.4732,0.26474
1700753683617187,-9.77861,0.916969,0.704743,0.14979,0.4952,0.25074
1700753683625000,-9.78161,0.917969,0.711743,0.18679,0.5442,0.24574
1700753683632812,-9.77061,0.907969,0.720743,0.13579,0.5972,0.21174
1700753683640625,-9.75361,0.922969,0.704743,0.14679,0.6412,0.24974
1700753683648437,-9.72561,0.933969,0.690743,0.18879,0.7932,0.26174
1700753683656250,-9.70461,0.910969,0.659743,0.32479,0.7812,0.24974
1700753683664062,-9.66861,0.903969,0.625743,0.33779,0.8022,0.26374
1700753683671875,-9.65961,0.897969,0.596743,0.22879,0.7302,0.31474
1700753683679687,-9.67061,0.896969,0.582743,0.33479,0.6342,0.26274
1700753683687500,-9.69061,0.916969,0.575743,0.25379,0.6502,0.26274
1700753683695312,-9.71661,0.906969,0.586743,0.15579,0.6382,0.21374
1700753683703125,-9.72761,0.896969,0.584743,0.18079,0.5762,0.23474
1700753683710937,-9.70761,0.906969,0.602743,0.13479,0.4422,0.21174
1700753683718750,-9.72661,0.907969,0.611743,0.15779,0.3672,0.23074
1700753683726562,-9.72861,0.909969,0.641743,0.15379,0.3732,0.21274
1700753683734375,-9.71961,0.912969,0.647743,0.19379,0.4232,0.21674
1700753683742187,-9.70861,0.901969,0.636743,0.17579,0.4262,0.23174
1700753683750000,-9.69761,0.879969,0.596743,0.14479,0.5352,0.21674
1700753683757812,-9.71161,0.865969,0.605743,0.17579,0.4422,0.23174
1700753683765625,-9.72561,0.872969,0.600743,0.13179,0.4362,0.20174
1700753683773437,-9.74561,0.881969,0.605743,0.13279,0.3902,0.10574
1700753683781250,-9.74861,0.881969,0.650743,0.8879,0.4082,0.11574
1700753683789062,-9.75761,0.880969,0.670743,0.3721,0.4482,0.19774
1700753683796875,-9.76761,0.878969,0.681743,0.0,0.4582,0.15174
1700753683804687,-9.78061,0.877969,0.686743,0.10321,0.4362,0.18074
1700753683812500,-9.77361,0.882969,0.706743,0.13221,0.5232,0.19874
1700753683820312,-9.76961,0.880969,0.726743,0.11221,0.5562,0.4126
1700753683828125,-9.76661,0.904969,0.738743,0.13421,0.6082,0.10074
1700753683835937,-9.76361,0.910969,0.722743,0.26321,0.6242,0.11674
1700753683843750,-9.75861,0.907969,0.690743,0.22321,0.6692,0.12874
1700753683851562,-9.75561,0.909969,0.679743,0.24021,0.6882,0.21774
1700753683859375,-9.74561,0.910969,0.654743,0.24721,0.7012,0.14974
1700753683867187,-9.74061,0.914969,0.665743,0.33321,0.6952,0.11474
1700753683875000,-9.73961,0.922969,0.663743,0.32421,0.7142,0.5374
1700753683882812,-9.72761,0.924969,0.661743,0.24721,0.7052,0.5274
1700753683890625,-9.71361,0.937969,0.641743,0.28521,0.6482,0.13074
1700753683898437,-9.70261,0.942969,0.620743,0.21621,0.7042,0.11674
1700753683906250,-9.69461,0.945969,0.607743,0.22321,0.6582,0.16874
1700753683914062,-9.69361,0.947969,0.580743,0.34321,0.6242,0.8474
1700753683921875,-9.70061,0.947969,0.591743,0.24821,0.5612,0.16474
1700753683929687,-9.68961,0.942969,0.605743,0.32921,0.5342,0.6774
1700753683937500,-9.69461,0.946969,0.618743,0.22221,0.4842,0.10574
1700753683945312,-9.69261,0.945969,0.623743,0.14621,0.3802,0.15174
1700753683953125,-9.69461,0.947969,0.611743,0.18021,0.3992,0.16674
1700753683960937,-9.69161,0.951969,0.611743,0.10421,0.4362,0.19674
1700753683968750,-9.69561,0.951969,0.611743,0.15621,0.4262,0.24374
1700753683976562,-9.72161,0.938969,0.616743,0.10021,0.4612,0.21474
1700753683984375,-9.72561,0.924969,0.645743,0.13321,0.3522,0.21474
1700753683992187,-9.73461,0.929969,0.675743,0.14921,0.3052,0.19874
1700753684000000,-9.74261,0.943969,0.706743,0.12221,0.3922,0.21174
1700753684007812,-9.73261,0.938969,0.717743,0.10021,0.3682,0.19874
1700753684015625,-9.72761,0.942969,0.724743,0.11821,0.4802,0.19774
1700753684023437,-9.72861,0.931969,0.697743,0.9921,0.5392,0.19874
1700753684031250,-9.72761,0.949969,0.684743,0.8321,0.5082,0.19874
1700753684039062,-9.72761,0.949969,0.670743,0.11621,0.4612,0.21474
1700753684046875,-9.72761,0.953969,0.677743,0.8521,0.4802,0.19774
1700753684054687,-9.72761,0.966969,0.672743,0.8821,0.5292,0.26174
1700753684062500,-9.72961,0.968969,0.681743,0.5621,0.4822,0.26174
1700753684070312,-9.72061,0.959969,0.688743,0.5579,0.5172,0.21274
1700753684078125,-9.71361,0.948969,0.666743,0.7721,0.4612,0.19474
1700753684085937,-9.71861,0.950969,0.675743,0.4021,0.5172,0.19674
1700753684093750,-9.70461,0.946969,0.677743,0.4321,0.4892,0.21174
1700753684101562,-9.70661,0.959969,0.675743,0.9121,0.5202,0.22774
1700753684109375,-9.70361,0.951969,0.663743,0.1921,0.4762,0.21474
1700753684117187,-9.71661,0.955969,0.670743,0.8521,0.5422,0.23074
1700753684125000,-9.73261,0.942969,0.665743,0.7379,0.5132,0.24574
1700753684132812,-9.72761,0.922969,0.661743,0.2321,0.4672,0.22974
1700753684140625,-9.72161,0.915969,0.659743,0.4079,0.4512,0.26174
1700753684148437,-9.72061,0.926969,0.666743,0.1121,0.4422,0.24374
1700753684156250,-9.72761,0.915969,0.679743,0.7721,0.5382,0.25874
1700753684164062,-9.73561,0.913969,0.670743,0.6621,0.5042,0.24774
1700753684171875,-9.73261,0.926969,0.659743,0.2279,0.5012,0.27674
1700753684179687,-9.72761,0.924969,0.647743,0.5621,0.4982,0.26174
1700753684187500,-9.72561,0.926969,0.645743,0.12021,0.5142,0.24574
1700753684195312,-9.72261,0.926969,0.679743,0.7721,0.4292,0.22674
1700753684203125,-9.72761,0.919969,0.679743,0.4321,0.4262,0.24374
1700753684210937,-9.71261,0.909969,0.670743,0.5221,0.4302,0.21474
1700753684218750,-9.70361,0.916969,0.666743,0.2779,0.5102,0.23074
1700753684226562,-9.70861,0.919969,0.670743,0.9621,0.4242,0.21674
1700753684234375,-9.71061,0.912969,0.661743,0.8221,0.3952,0.23174
1700753684242187,-9.72861,0.922969,0.656743,0.1279,0.3522,0.19874
1700753684250000,-9.74661,0.922969,0.659743,0.5321,0.3512,0.27874
1700753684257812,-9.74661,0.941969,0.672743,0.1679,0.4012,0.22574
1700753684265625,-9.73061,0.936969,0.670743,0.1821,0.3642,0.21574
1700753684273437,-9.70561,0.934969,0.670743,0.1921,0.3832,0.16674
1700753684281250,-9.70761,0.926969,0.684743,0.4621,0.2892,0.22574
1700753684289062,-9.70561,0.927969,0.697743,0.5579,0.2332,0.19674
1700753684296875,-9.72861,0.938969,0.713743,0.3421,0.1592,0.24874
1700753684304687,-9.73661,0.931969,0.745743,0.2321,0.2152,0.21374
1700753684312500,-9.75461,0.935969,0.756743,0.8821,0.3582,0.22874
1700753684320312,-9.75061,0.936969,0.754743,0.4879,0.3772,0.21674
1700753684328125,-9.74361,0.944969,0.731743,0.14179,0.4452,0.21474
1700753684335937,-9.73661,0.935969,0.702743,0.12379,0.4482,0.23074
1700753684343750,-9.74161,0.935969,0.704743,0.13779,0.4202,0.24574
1700753684351562,-9.74861,0.926969,0.717743,0.7779,0.5072,0.19874
1700753684359375,-9.74561,0.930969,0.738743,0.13579,0.5162,0.27674
1700753684367187,-9.74561,0.931969,0.740743,0.14079,0.5572,0.23074
1700753684375000,-9.75361,0.934969,0.731743,0.8379,0.5222,0.24274
1700753684382812,-9.77161,0.936969,0.731743,0.9879,0.5882,0.22574
1700753684390625,-9.75461,0.937969,0.715743,0.4079,0.5952,0.19674
1700753684398437,-9.75061,0.942969,0.702743,0.9679,0.5982,0.21674
1700753684406250,-9.71861,0.944969,0.704743,0.421,0.6042,0.19874
1700753684414062,-9.70561,0.938969,0.693743,0.1279,0.6352,0.18274
1700753684421875,-9.69161,0.924969,0.681743,0.7221,0.6572,0.21274
1700753684429687,-9.69261,0.911969,0.656743,0.879,0.6102,0.18074
1700753684437500,-9.68761,0.918969,0.643743,0.3979,0.4862,0.19674
1700753684445312,-9.69661,0.920969,0.652743,0.1921,0.3992,0.15074
1700753684453125,-9.71961,0.930969,0.693743,0.7621,0.3712,0.13874
1700753684460937,-9.74461,0.939969,0.717743,0.4121,0.3642,0.22074
1700753684468750,-9.74361,0.947969,0.733743,0.4921,0.3962,0.16774
1700753684476562,-9.74561,0.953969,0.724743,0.2121,0.4172,0.22974
1700753684484375,-9.73261,0.951969,0.720743,0.11421,0.3802,0.18374
1700753684492187,-9.71461,0.931969,0.711743,0.8621,0.4332,0.21374
1700753684500000,-9.70961,0.938969,0.717743,0.5421,0.4022,0.21374
1700753684507812,-9.70561,0.945969,0.731743,0.13221,0.4922,0.19874
1700753684515625,-9.70061,0.951969,0.720743,0.5121,0.4302,0.18274
1700753684523437,-9.70661,0.944969,0.722743,0.1121,0.5192,0.25974
1700753684531250,-9.72261,0.972969,0.726743,0.10821,0.4572,0.24374
1700753684539062,-9.72461,0.972969,0.720743,0.1221,0.5232,0.22674
1700753684546875,-9.73161,0.947969,0.715743,0.11479,0.5412,0.25774
1700753684554687,-9.72561,0.944969,0.708743,0.979,0.4672,0.19774
1700753684562500,-9.72261,0.933969,0.706743,0.679,0.4542,0.24474
1700753684570312,-9.71861,0.928969,0.715743,0.7721,0.4762,0.21074
1700753684578125,-9.72861,0.909969,0.720743,0.1421,0.5332,0.18474
1700753684585937,-9.72661,0.913969,0.722743,0.3421,0.5542,0.16674
1700753684593750,-9.71961,0.931969,0.720743,0.4921,0.5202,0.18374
1700753684601562,-9.71661,0.930969,0.699743,0.12321,0.5982,0.21174
1700753684609375,-9.72361,0.924969,0.684743,0.10121,0.6352,0.23074
1700753684617187,-9.72361,0.917969,0.686743,0.12321,0.5362,0.21174
1700753684625000,-9.71461,0.918969,0.693743,0.10421,0.4832,0.22974
1700753684632812,-9.71161,0.933969,0.711743,0.8821,0.4052,0.21274
1700753684640625,-9.73261,0.920969,0.722743,0.15221,0.4832,0.19674
1700753684648437,-9.71461,0.926969,0.720743,0.10521,0.5482,0.22874
1700753684656250,-9.71161,0.917969,0.720743,0.15921,0.5272,0.16174
1700753684664062,-9.71661,0.942969,0.733743,0.12021,0.4522,0.21274
1700753684671875,-9.71561,0.941969,0.742743,0.7421,0.4272,0.13074
1700753684679687,-9.72261,0.930969,0.742743,0.9021,0.4892,0.14774
1700753684687500,-9.70661,0.941969,0.731743,0.12521,0.4302,0.11374
1700753684695312,-9.72361,0.942969,0.749743,0.10021,0.4302,0.23074
1700753684703125,-9.73161,0.941969,0.767743,0.10721,0.5352,0.21174
1700753684710937,-9.74761,0.973969,0.765743,0.11821,0.5412,0.26274
1700753684718750,-9.74661,0.983969,0.781743,0.11121,0.6042,0.25774
1700753684726562,-9.74261,0.979969,0.769743,0.779,0.7032,0.29274
1700753684734375,-9.72761,0.975969,0.733743,0.7579,0.6692,0.16574
1700753684742187,-9.72961,0.953969,0.708743,0.17179,0.7002,0.24574
1700753684750000,-9.71461,0.955969,0.695743,0.12579,0.6202,0.16674
1700753684757812,-9.70961,0.947969,0.681743,0.12679,0.5392,0.15074
1700753684765625,-9.72761,0.953969,0.699743,0.9479,0.4612,0.11874
1700753684773437,-9.73161,0.946969,0.751743,0.4479,0.5152,0.1126
1700753684781250,-9.74261,0.943969,0.758743,0.6879,0.4922,0.16274
1700753684789062,-9.73361,0.932969,0.740743,0.14979,0.4922,0.11474
1700753684796875,-9.71661,0.931969,0.693743,0.13979,0.5452,0.10074
1700753684804687,-9.70061,0.909969,0.686743,0.16779,0.5982,0.16374
1700753684812500,-9.69761,0.909969,0.688743,0.1821,0.4922,0.15074
1700753684820312,-9.71461,0.913969,0.715743,0.421,0.4952,0.16574
1700753684828125,-9.72361,0.929969,0.731743,0.621,0.4832,0.14874
1700753684835937,-9.71661,0.928969,0.736743,0.9121,0.5362,0.19574
1700753684843750,-9.70561,0.929969,0.720743,0.10221,0.5112,0.23074
1700753684851562,-9.70761,0.924969,0.724743,0.13521,0.4682,0.13274
1700753684859375,-9.71161,0.930969,0.726743,0.2821,0.5072,0.21074
1700753684867187,-9.71161,0.942969,0.754743,0.7379,0.4052,0.16474
1700753684875000,-9.70761,0.944969,0.774743,0.5479,0.3922,0.21174
1700753684882812,-9.72661,0.965969,0.765743,0.8079,0.4502,0.20874
1700753684890625,-9.73161,0.984969,0.767743,0.521,0.5422,0.23074
1700753684898437,-9.72661,0.977969,0.758743,0.4021,0.5942,0.24474
1700753684906250,-9.71761,0.963969,0.738743,0.3679,0.7252,0.22674
1700753684914062,-9.73361,0.952969,0.720743,0.1021,0.6132,0.25974
1700753684921875,-9.74761,0.970969,0.720743,0.2379,0.6102,0.24474
1700753684929687,-9.74461,0.981969,0.724743,0.2821,0.6782,0.25874
1700753684937500,-9.72661,0.959969,0.736743,0.7621,0.6322,0.24274
1700753684945312,-9.70961,0.953969,0.729743,0.10421,0.6262,0.18074
1700753684953125,-9.70861,0.961969,0.720743,0.9521,0.5262,0.20974
1700753684960937,-9.70661,0.955969,0.722743,0.5721,0.5482,0.22874
1700753684968750,-9.71261,0.963969,0.733743,0.7921,0.5722,0.27374
1700753684976562,-9.72961,0.950969,0.763743,0.12621,0.4762,0.22674
1700753684984375,-9.72661,0.945969,0.776743,0.7921,0.5262,0.20974
1700753684992187,-9.72961,0.945969,0.772743,0.12521,0.5852,0.22674
1700753685000000,-9.72461,0.941969,0.760743,0.11221,0.5912,0.19274
1700753685007812,-9.73361,0.937969,0.758743,0.9121,0.5662,0.24374
1700753685015625,-9.73861,0.937969,0.760743,0.12221,0.6602,0.21174
1700753685023437,-9.73561,0.934969,0.756743,0.10821,0.6472,0.22674
1700753685031250,-9.73561,0.927969,0.758743,0.12721,0.6682,0.20874
1700753685039062,-9.73161,0.923969,0.756743,0.11221,0.6532,0.22474
1700753685046875,-9.73361,0.927969,0.749743,0.12621,0.6512,0.20974
1700753685054687,-9.73161,0.948969,0.754743,0.14121,0.6632,0.29074
1700753685062500,-9.74261,0.952969,0.760743,0.10421,0.6882,0.24474
1700753685070312,-9.73261,0.964969,0.754743,0.12921,0.7482,0.19274
1700753685078125,-9.70961,0.960969,0.713743,0.10221,0.8092,0.26174
1700753685085937,-9.68861,0.964969,0.702743,0.12021,0.7192,0.24474
1700753685093750,-9.67861,0.956969,0.699743,0.2221,0.6842,0.26174
1700753685101562,-9.69061,0.953969,0.702743,0.6021,0.6472,0.24274
1700753685109375,-9.69161,0.962969,0.702743,0.7121,0.6692,0.26174
1700753685117187,-9.70461,0.968969,0.711743,0.4021,0.6412,0.24474
1700753685125000,-9.71961,0.979969,0.738743,0.14321,0.6352,0.24174
1700753685132812,-9.72661,0.974969,0.742743,0.11121,0.6042,0.22574
1700753685140625,-9.71561,0.981969,0.740743,0.7421,0.5982,0.21174
1700753685148437,-9.70461,0.953969,0.731743,0.2221,0.5762,0.21374
1700753685156250,-9.69161,0.948969,0.713743,0.2079,0.6162,0.22674
1700753685164062,-9.69761,0.948969,0.729743,0.1879,0.6042,0.19374
1700753685171875,-9.70661,0.950969,0.720743,0.3879,0.6602,0.19574
1700753685179687,-9.70461,0.946969,0.720743,0.13379,0.6012,0.19474
1700753685187500,-9.69261,0.941969,0.704743,0.16279,0.5792,0.23374
1700753685195312,-9.69461,0.920969,0.697743,0.14079,0.5412,0.21474
1700753685203125,-9.70561,0.922969,0.699743,0.12479,0.5572,0.23074
1700753685210937,-9.71361,0.928969,0.722743,0.1021,0.5512,0.22774
1700753685218750,-9.73461,0.933969,0.749743,0.2421,0.5322,0.21274
1700753685226562,-9.73861,0.934969,0.758743,0.579,0.5662,0.22774
1700753685234375,-9.75061,0.930969,0.733743,0.2679,0.6222,0.21374
1700753685242187,-9.74161,0.921969,0.731743,0.10479,0.6252,0.26074
1700753685250000,-9.72761,0.930969,0.724743,0.7179,0.5632,0.27674
1700753685257812,-9.72361,0.940969,0.711743,0.1921,0.6012,0.24774
1700753685265625,-9.72961,0.948969,0.720743,0.4221,0.5822,0.22774
1700753685273437,-9.71561,0.944969,0.711743,0.2621,0.6132,0.24374
1700753685281250,-9.70861,0.959969,0.704743,0.3779,0.6592,0.27574
1700753685289062,-9.69561,0.962969,0.706743,0.5721,0.5792,0.26074
1700753685296875,-9.70761,0.964969,0.708743,0.7379,0.4362,0.21374
1700753685304687,-9.70961,0.959969,0.715743,0.679,0.4542,0.26074
1700753685312500,-9.72261,0.952969,0.733743,0.6221,0.4492,0.12974
1700753685320312,-9.73561,0.949969,0.763743,0.1579,0.4202,0.14474
1700753685328125,-9.74261,0.961969,0.794743,0.1321,0.4492,0.11374
1700753685335937,-9.73561,0.972969,0.801743,0.3579,0.4142,0.16274
1700753685343750,-9.75061,0.969969,0.806743,0.1421,0.5132,0.11274
1700753685351562,-9.74461,0.966969,0.812743,0.5621,0.5482,0.18074
1700753685359375,-9.75161,0.965969,0.796743,0.5921,0.6322,0.16274
1700753685367187,-9.73461,0.967969,0.781743,0.4979,0.6852,0.16074
1700753685375000,-9.70461,0.964969,0.747743,0.2621,0.7412,0.17874
1700753685382812,-9.67561,0.956969,0.722743,0.12179,0.7192,0.22874
1700753685390625,-9.67861,0.954969,0.697743,0.7679,0.6352,0.18274
1700753685398437,-9.69761,0.946969,0.699743,0.921,0.6762,0.17974
